{
  "summary": {
    "dataset_rows": 26872,
    "num_classes": 11,
    "classes": [
      "ACCOUNT",
      "CANCEL",
      "CONTACT",
      "DELIVERY",
      "FEEDBACK",
      "INVOICE",
      "ORDER",
      "PAYMENT",
      "REFUND",
      "SHIPPING",
      "SUBSCRIPTION"
    ],
    "vocab_size": 5058,
    "kfold_average_accuracy": 0.994269,
    "kfold_average_macro_f1": 0.994287,
    "holdout_accuracy": 0.995723,
    "holdout_macro_f1": 0.99529
  },
  "kfold": {
    "folds": [
      {
        "fold": 1,
        "accuracy": 0.9929341762737077,
        "macro_f1": 0.9930429479333852,
        "per_class": {
          "ACCOUNT": {
            "precision": 0.996661101836394,
            "recall": 0.996661101836394,
            "f1": 0.996661101836394
          },
          "CANCEL": {
            "precision": 0.9947643979057592,
            "recall": 1.0,
            "f1": 0.9973753280839895
          },
          "CONTACT": {
            "precision": 1.0,
            "recall": 0.9975,
            "f1": 0.9987484355444306
          },
          "DELIVERY": {
            "precision": 0.9845360824742269,
            "recall": 0.9573934837092731,
            "f1": 0.9707750952986022
          },
          "FEEDBACK": {
            "precision": 1.0,
            "recall": 0.9975,
            "f1": 0.9987484355444306
          },
          "INVOICE": {
            "precision": 0.9974937343358395,
            "recall": 0.995,
            "f1": 0.9962453066332916
          },
          "ORDER": {
            "precision": 0.9813895781637717,
            "recall": 0.9912280701754386,
            "f1": 0.9862842892768079
          },
          "PAYMENT": {
            "precision": 0.9925373134328358,
            "recall": 0.9975,
            "f1": 0.9950124688279303
          },
          "REFUND": {
            "precision": 0.9983277591973244,
            "recall": 0.996661101836394,
            "f1": 0.9974937343358397
          },
          "SHIPPING": {
            "precision": 0.9848866498740554,
            "recall": 0.9923857868020305,
            "f1": 0.988621997471555
          },
          "SUBSCRIPTION": {
            "precision": 0.9950248756218906,
            "recall": 1.0,
            "f1": 0.9975062344139651
          }
        }
      },
      {
        "fold": 2,
        "accuracy": 0.9959084991631021,
        "macro_f1": 0.9961382133555836,
        "per_class": {
          "ACCOUNT": {
            "precision": 0.998324958123953,
            "recall": 0.9958228905597326,
            "f1": 0.9970723546633207
          },
          "CANCEL": {
            "precision": 1.0,
            "recall": 1.0,
            "f1": 1.0
          },
          "CONTACT": {
            "precision": 1.0,
            "recall": 1.0,
            "f1": 1.0
          },
          "DELIVERY": {
            "precision": 0.9949109414758269,
            "recall": 0.9799498746867168,
            "f1": 0.9873737373737372
          },
          "FEEDBACK": {
            "precision": 0.9925558312655087,
            "recall": 1.0,
            "f1": 0.9962640099626401
          },
          "INVOICE": {
            "precision": 1.0,
            "recall": 0.995,
            "f1": 0.9974937343358395
          },
          "ORDER": {
            "precision": 0.9937264742785445,
            "recall": 0.9924812030075187,
            "f1": 0.993103448275862
          },
          "PAYMENT": {
            "precision": 0.9876543209876543,
            "recall": 1.0,
            "f1": 0.9937888198757764
          },
          "REFUND": {
            "precision": 1.0,
            "recall": 1.0,
            "f1": 1.0
          },
          "SHIPPING": {
            "precision": 0.9874371859296482,
            "recall": 0.9974619289340102,
            "f1": 0.9924242424242424
          },
          "SUBSCRIPTION": {
            "precision": 1.0,
            "recall": 1.0,
            "f1": 1.0
          }
        }
      },
      {
        "fold": 3,
        "accuracy": 0.9944186046511628,
        "macro_f1": 0.9943505162065495,
        "per_class": {
          "ACCOUNT": {
            "precision": 0.9991610738255033,
            "recall": 0.9949874686716792,
            "f1": 0.997069903725408
          },
          "CANCEL": {
            "precision": 1.0,
            "recall": 0.9947368421052631,
            "f1": 0.9973614775725593
          },
          "CONTACT": {
            "precision": 1.0,
            "recall": 1.0,
            "f1": 1.0
          },
          "DELIVERY": {
            "precision": 0.9872448979591837,
            "recall": 0.9699248120300752,
            "f1": 0.9785082174462705
          },
          "FEEDBACK": {
            "precision": 1.0,
            "recall": 1.0,
            "f1": 1.0
          },
          "INVOICE": {
            "precision": 1.0,
            "recall": 0.99,
            "f1": 0.9949748743718593
          },
          "ORDER": {
            "precision": 0.986318407960199,
            "recall": 0.993734335839599,
            "f1": 0.990012484394507
          },
          "PAYMENT": {
            "precision": 0.9975062344139651,
            "recall": 1.0,
            "f1": 0.9987515605493134
          },
          "REFUND": {
            "precision": 0.9950083194675541,
            "recall": 1.0,
            "f1": 0.9974979149291076
          },
          "SHIPPING": {
            "precision": 0.9800498753117207,
            "recall": 0.9974619289340102,
            "f1": 0.9886792452830189
          },
          "SUBSCRIPTION": {
            "precision": 0.995,
            "recall": 0.995,
            "f1": 0.995
          }
        }
      },
      {
        "fold": 4,
        "accuracy": 0.9944165270798436,
        "macro_f1": 0.9944582440692131,
        "per_class": {
          "ACCOUNT": {
            "precision": 0.9974937343358395,
            "recall": 0.9974937343358395,
            "f1": 0.9974937343358395
          },
          "CANCEL": {
            "precision": 0.9947643979057592,
            "recall": 1.0,
            "f1": 0.9973753280839895
          },
          "CONTACT": {
            "precision": 1.0,
            "recall": 1.0,
            "f1": 1.0
          },
          "DELIVERY": {
            "precision": 0.9897435897435898,
            "recall": 0.9674185463659147,
            "f1": 0.9784537389100127
          },
          "FEEDBACK": {
            "precision": 1.0,
            "recall": 0.9974937343358395,
            "f1": 0.9987452948557088
          },
          "INVOICE": {
            "precision": 0.9975,
            "recall": 0.9975,
            "f1": 0.9975
          },
          "ORDER": {
            "precision": 0.9887640449438202,
            "recall": 0.9937264742785445,
            "f1": 0.9912390488110138
          },
          "PAYMENT": {
            "precision": 0.9949874686716792,
            "recall": 0.9949874686716792,
            "f1": 0.9949874686716792
          },
          "REFUND": {
            "precision": 0.9983193277310924,
            "recall": 0.9933110367892977,
            "f1": 0.9958088851634534
          },
          "SHIPPING": {
            "precision": 0.9776119402985075,
            "recall": 0.9974619289340102,
            "f1": 0.9874371859296484
          },
          "SUBSCRIPTION": {
            "precision": 1.0,
            "recall": 1.0,
            "f1": 1.0
          }
        }
      },
      {
        "fold": 5,
        "accuracy": 0.9936673495995529,
        "macro_f1": 0.9934453667570576,
        "per_class": {
          "ACCOUNT": {
            "precision": 0.9966499162479062,
            "recall": 0.9941520467836257,
            "f1": 0.9953994144709326
          },
          "CANCEL": {
            "precision": 0.9844559585492227,
            "recall": 1.0,
            "f1": 0.9921671018276762
          },
          "CONTACT": {
            "precision": 1.0,
            "recall": 0.9974937343358395,
            "f1": 0.9987452948557088
          },